ChaoMing\utf-58ff;
; ChaoMing\utf-6723
; ChaoMing\utf-4edd
; ChaoMing\utf-55c0
HeiTi\utf-72e6;
; HeiTi\utf-88cf
XinSong\utf-e819;
XinSong\utf-e81c;
XinSong\utf-e81d;
XinSong\utf-e822;
XinSong\utf-e823;
XinSong\utf-e826;
XinSong\utf-e82b;
XinSong\utf-e82c;
XinSong\utf-e830;
XinSong\utf-e832;
XinSong\utf-e833;
XinSong\utf-e836;
XinSong\utf-e838;
XinSong\utf-e839;
XinSong\utf-e83a;
XinSong\utf-e83e;
XinSong\utf-e843;
XinSong\utf-e848;
XinSong\utf-e854;
XinSong\utf-e864;
; XinSong\utf-88cf
; YanKai\utf-6723
; YanKai\utf-55c0
